{
  "schemas": [
    "urn:ietf:params:scim:api:messages:2.0:BulkRequest"
  ],
  "Operations": [
    {
      "method": "POST",
      "path": "/Users",
      "bulkId": "id_user1",
      "data": {
	    "schemas": [
	      "urn:ietf:params:scim:schemas:core:2.0:User"
	    ],
	    "name": {
	  	  "givenName": "AFENG",
		  "familyName": "AFENG"
	    },
		"userName": "AFENG",
		"title": "Security Officer",
		"emails": [
		  {
		    "value": "afeng@example.com",
		    "type": "work",
		    "primary": true
		  }
		]
      }
    },
    {
      "method": "POST",
      "path": "/Users",
      "bulkId": "id_user2",
      "data": {
	    "schemas": [
	      "urn:ietf:params:scim:schemas:core:2.0:User"
	    ],
	    "name": {
	  	  "givenName": "AMARLIN",
		  "familyName": "AMARLIN"
	    },
		"userName": "AMARLIN",
		"title": "GRC Reviewer",
		"emails": [
		  {
		    "value": "amarlin@example.com",
		    "type": "work",
		    "primary": true
		  }
		]
      }
    },
	{
      "method": "POST",
      "path": "/Users",
      "bulkId": "id_user3",
      "data": {
	    "schemas": [
	      "urn:ietf:params:scim:schemas:core:2.0:User"
	    ],
	    "name": {
	  	  "givenName": "APOTTER",
		  "familyName": "APOTTER"
	    },
		"userName": "APOTTER",
		"title": "Security Engineer",
		"emails": [
		  {
		    "value": "APOTTER@example.com",
		    "type": "work",
		    "primary": true
		  }
		]
      }
	},
	  {
      "method": "POST",
      "path": "/Users",
      "bulkId": "id_user4",
      "data": {
	    "schemas": [
	      "urn:ietf:params:scim:schemas:core:2.0:User"
	    ],
	    "name": {
	  	  "givenName": "BWEBB",
		  "familyName": "BWEBB"
	    },
		"userName": "BWEBB",
		"title": "Security Engineer",
		"emails": [
		  {
		    "value": "BWEBB@example.com",
		    "type": "work",
		    "primary": true
		  }
		]
      }
	  },
	  {
      "method": "POST",
      "path": "/Users",
      "bulkId": "id_user5",
      "data": {
	    "schemas": [
	      "urn:ietf:params:scim:schemas:core:2.0:User"
	    ],
	    "name": {
	  	  "givenName": "CBROWN",
		  "familyName": "CBROWN"
	    },
		"userName": "CBROWN",
		"title": "Security Engineer",
		"emails": [
		  {
		    "value": "CBROWN@example.com",
		    "type": "work",
		    "primary": true
		  }
		]
      }
    },

	{
      "method": "POST",
      "path": "/Users",
      "bulkId": "id_user6",
      "data": {
	    "schemas": [
	      "urn:ietf:params:scim:schemas:core:2.0:User"
	    ],
	    "name": {
	  	  "givenName": "CONMGR",
		  "familyName": "CONMGR"
	    },
		"userName": "CONMGR",
		"title": "Security Engineer",
		"emails": [
		  {
		    "value": "CONMGR@example.com",
		    "type": "work",
		    "primary": true
		  }
		]
      }
    },
 
	{
      "method": "POST",
      "path": "/Users",
      "bulkId": "id_user7",
      "data": {
	    "schemas": [
	      "urn:ietf:params:scim:schemas:core:2.0:User"
	    ],
	    "name": {
	  	  "givenName": "CONTMGR",
		  "familyName": "CONTMGR"
	    },
		"userName": "CONTMGR",
		"title": "Security Engineer",
		"emails": [
		  {
		    "value": "CONTMGR@example.com",
		    "type": "work",
		    "primary": true
		  }
		]
      }
    },
	
	 {
      "method": "POST",
      "path": "/Users",
      "bulkId": "id_user8",
      "data": {
	    "schemas": [
	      "urn:ietf:params:scim:schemas:core:2.0:User"
	    ],
	    "name": {
	  	  "givenName": "CSADM",
		  "familyName": "CSADM"
	    },
		"userName": "CSADM",
		"title": "Security Engineer",
		"emails": [
		  {
		    "value": "CSADM@example.com",
		    "type": "work",
		    "primary": true
		  }
		]
      }
    },
	
	{
      "method": "POST",
      "path": "/Users",
      "bulkId": "id_user9",
      "data": {
	    "schemas": [
	      "urn:ietf:params:scim:schemas:core:2.0:User"
	    ],
	    "name": {
	  	  "givenName": "DBAKER",
		  "familyName": "DBAKER"
	    },
		"userName": "DBAKER",
		"title": "Security Engineer",
		"emails": [
		  {
		    "value": "DBAKER@example.com",
		    "type": "work",
		    "primary": true
		  }
		]
      }
    },
	{
      "method": "POST",
      "path": "/Users",
      "bulkId": "id_user10",
      "data": {
	    "schemas": [
	      "urn:ietf:params:scim:schemas:core:2.0:User"
	    ],
	    "name": {
	  	  "givenName": "EBUSINESS",
		  "familyName": "EBUSINESS"
	    },
		"userName": "EBUSINESS",
		"title": "Security Engineer",
		"emails": [
		  {
		    "value": "EBUSINESS@example.com",
		    "type": "work",
		    "primary": true
		  }
		]
      }
    },
	
	{
      "method": "POST",
      "path": "/Users",
      "bulkId": "id_user11",
      "data": {
	    "schemas": [
	      "urn:ietf:params:scim:schemas:core:2.0:User"
	    ],
	    "name": {
	  	  "givenName": "FBRAMER",
		  "familyName": "FBRAMER"
	    },
		"userName": "FBRAMER",
		"title": "Security Engineer",
		"emails": [
		  {
		    "value": "FBRAMER@example.com",
		    "type": "work",
		    "primary": true
		  }
		]
      }
    },
	
	{
      "method": "POST",
      "path": "/Users",
      "bulkId": "id_user12",
      "data": {
	    "schemas": [
	      "urn:ietf:params:scim:schemas:core:2.0:User"
	    ],
	    "name": {
	  	  "givenName": "HRMS",
		  "familyName": "HRMS"
	    },
		"userName": "HRMS",
		"title": "Security Engineer",
		"emails": [
		  {
		    "value": "HRMS@example.com",
		    "type": "work",
		    "primary": true
		  }
		]
      }
    },
	
	{
      "method": "POST",
      "path": "/Users",
      "bulkId": "id_user13",
      "data": {
	    "schemas": [
	      "urn:ietf:params:scim:schemas:core:2.0:User"
	    ],
	    "name": {
	  	  "givenName": "ILANG",
		  "familyName": "ILANG"
	    },
		"userName": "ILANG",
		"title": "Security Engineer",
		"emails": [
		  {
		    "value": "ILANG@example.com",
		    "type": "work",
		    "primary": true
		  }
		]
      }
    },
	
	{
      "method": "POST",
      "path": "/Users",
      "bulkId": "id_user14",
      "data": {
	    "schemas": [
	      "urn:ietf:params:scim:schemas:core:2.0:User"
	    ],
	    "name": {
	  	  "givenName": "ISUPPORTADMIN",
		  "familyName": "ISUPPORTADMIN"
	    },
		"userName": "ISUPPORTADMIN",
		"title": "Security Engineer",
		"emails": [
		  {
		    "value": "ISUPPORTADMIN@example.com",
		    "type": "work",
		    "primary": true
		  }
		]
      }
    },
	
	{
      "method": "POST",
      "path": "/Users",
      "bulkId": "id_user15",
      "data": {
	    "schemas": [
	      "urn:ietf:params:scim:schemas:core:2.0:User"
	    ],
	    "name": {
	  	  "givenName": "JFROST",
		  "familyName": "JFROST"
	    },
		"userName": "JFROST",
		"title": "Security Engineer",
		"emails": [
		  {
		    "value": "JFROST@example.com",
		    "type": "work",
		    "primary": true
		  }
		]
      }
    },
	
	{
      "method": "POST",
      "path": "/Users",
      "bulkId": "id_user16",
      "data": {
	    "schemas": [
	      "urn:ietf:params:scim:schemas:core:2.0:User"
	    ],
	    "name": {
	  	  "givenName": "KJONES",
		  "familyName": "KJONES"
	    },
		"userName": "KJONES",
		"title": "Security Engineer",
		"emails": [
		  {
		    "value": "KJONES@example.com",
		    "type": "work",
		    "primary": true
		  }
		]
      }
    },
	
	{
      "method": "POST",
      "path": "/Users",
      "bulkId": "id_user17",
      "data": {
	    "schemas": [
	      "urn:ietf:params:scim:schemas:core:2.0:User"
	    ],
	    "name": {
	  	  "givenName": "MFG",
		  "familyName": "MFG"
	    },
		"userName": "MFG",
		"title": "Security Engineer",
		"emails": [
		  {
		    "value": "MFG@example.com",
		    "type": "work",
		    "primary": true
		  }
		]
      }
    },
	
	{
      "method": "POST",
      "path": "/Users",
      "bulkId": "id_user18",
      "data": {
	    "schemas": [
	      "urn:ietf:params:scim:schemas:core:2.0:User"
	    ],
	    "name": {
	  	  "givenName": "MGRMKT",
		  "familyName": "MGRMKT"
	    },
		"userName": "MGRMKT",
		"title": "Security Engineer",
		"emails": [
		  {
		    "value": "MGRMKT@example.com",
		    "type": "work",
		    "primary": true
		  }
		]
      }
    },
	
	{
      "method": "POST",
      "path": "/Users",
      "bulkId": "id_user19",
      "data": {
	    "schemas": [
	      "urn:ietf:params:scim:schemas:core:2.0:User"
	    ],
	    "name": {
	  	  "givenName": "MNT",
		  "familyName": "MNT"
	    },
		"userName": "MNT",
		"title": "Security Engineer",
		"emails": [
		  {
		    "value": "MNT@example.com",
		    "type": "work",
		    "primary": true
		  }
		]
      }
    },
	
	{
      "method": "POST",
      "path": "/Users",
      "bulkId": "id_user20",
      "data": {
	    "schemas": [
	      "urn:ietf:params:scim:schemas:core:2.0:User"
	    ],
	    "name": {
	  	  "givenName": "OPERATIONS",
		  "familyName": "OPERATIONS"
	    },
		"userName": "OPERATIONS",
		"title": "Security Engineer",
		"emails": [
		  {
		    "value": "OPERATIONS@example.com",
		    "type": "work",
		    "primary": true
		  }
		]
      }
    },
	
	{
      "method": "POST",
      "path": "/Users",
      "bulkId": "id_user21",
      "data": {
	    "schemas": [
	      "urn:ietf:params:scim:schemas:core:2.0:User"
	    ],
	    "name": {
	  	  "givenName": "PHENRY",
		  "familyName": "PHENRY"
	    },
		"userName": "PHENRY",
		"title": "Security Engineer",
		"emails": [
		  {
		    "value": "PHENRY@example.com",
		    "type": "work",
		    "primary": true
		  }
		]
      }
    },
	{
      "method": "POST",
      "path": "/Users",
      "bulkId": "id_user22",
      "data": {
	    "schemas": [
	      "urn:ietf:params:scim:schemas:core:2.0:User"
	    ],
	    "name": {
	  	  "givenName": "PIMMGR",
		  "familyName": "PIMMGR"
	    },
		"userName": "PIMMGR",
		"title": "Security Engineer",
		"emails": [
		  {
		    "value": "PIMMGR@example.com",
		    "type": "work",
		    "primary": true
		  }
		]
      }
    },
	
	{
      "method": "POST",
      "path": "/Users",
      "bulkId": "id_user23",
      "data": {
	    "schemas": [
	      "urn:ietf:params:scim:schemas:core:2.0:User"
	    ],
	    "name": {
	  	  "givenName": "PLMMGR",
		  "familyName": "PLMMGR"
	    },
		"userName": "PLMMGR",
		"title": "Security Engineer",
		"emails": [
		  {
		    "value": "PLMMGR@example.com",
		    "type": "work",
		    "primary": true
		  }
		]
      }
    },
	
	{
      "method": "POST",
      "path": "/Users",
      "bulkId": "id_user24",
      "data": {
	    "schemas": [
	      "urn:ietf:params:scim:schemas:core:2.0:User"
	    ],
	    "name": {
	  	  "givenName": "PROCESS_OPS",
		  "familyName": "PROCESS_OPS"
	    },
		"userName": "PROCESS_OPS",
		"title": "Security Engineer",
		"emails": [
		  {
		    "value": "PROCESS_OPS@example.com",
		    "type": "work",
		    "primary": true
		  }
		]
      }
    },
	
	{
      "method": "POST",
      "path": "/Users",
      "bulkId": "id_user25",
      "data": {
	    "schemas": [
	      "urn:ietf:params:scim:schemas:core:2.0:User"
	    ],
	    "name": {
	  	  "givenName": "PROMFG",
		  "familyName": "PROMFG"
	    },
		"userName": "PROMFG",
		"title": "Security Engineer",
		"emails": [
		  {
		    "value": "PROMFG@example.com",
		    "type": "work",
		    "primary": true
		  }
		]
      }
    },
	
	{
      "method": "POST",
      "path": "/Users",
      "bulkId": "id_user26",
      "data": {
	    "schemas": [
	      "urn:ietf:params:scim:schemas:core:2.0:User"
	    ],
	    "name": {
	  	  "givenName": "PSTOCK",
		  "familyName": "PSTOCK"
	    },
		"userName": "PSTOCK",
		"title": "Security Engineer",
		"emails": [
		  {
		    "value": "PSTOCK@example.com",
		    "type": "work",
		    "primary": true
		  }
		]
      }
    },
	
	{
      "method": "POST",
      "path": "/Users",
      "bulkId": "id_user27",
      "data": {
	    "schemas": [
	      "urn:ietf:params:scim:schemas:core:2.0:User"
	    ],
	    "name": {
	  	  "givenName": "RBATES",
		  "familyName": "RBATES"
	    },
		"userName": "RBATES",
		"title": "Security Engineer",
		"emails": [
		  {
		    "value": "RBATES@example.com",
		    "type": "work",
		    "primary": true
		  }
		]
      }
    },
	
	{
      "method": "POST",
      "path": "/Users",
      "bulkId": "id_user28",
      "data": {
	    "schemas": [
	      "urn:ietf:params:scim:schemas:core:2.0:User"
	    ],
	    "name": {
	  	  "givenName": "SCRIPTUSER",
		  "familyName": "SCRIPTUSER"
	    },
		"userName": "SCRIPTUSER",
		"title": "Security Engineer",
		"emails": [
		  {
		    "value": "SCRIPTUSER@example.com",
		    "type": "work",
		    "primary": true
		  }
		]
      }
    },
	
	{
      "method": "POST",
      "path": "/Users",
      "bulkId": "id_user29",
      "data": {
	    "schemas": [
	      "urn:ietf:params:scim:schemas:core:2.0:User"
	    ],
	    "name": {
	  	  "givenName": "SERVICES",
		  "familyName": "SERVICES"
	    },
		"userName": "SERVICES",
		"title": "Security Engineer",
		"emails": [
		  {
		    "value": "SERVICES@example.com",
		    "type": "work",
		    "primary": true
		  }
		]
      }
    },
	
	{
      "method": "POST",
      "path": "/Users",
      "bulkId": "id_user30",
      "data": {
	    "schemas": [
	      "urn:ietf:params:scim:schemas:core:2.0:User"
	    ],
	    "name": {
	  	  "givenName": "SFM",
		  "familyName": "SFM"
	    },
		"userName": "SFM",
		"title": "Security Engineer",
		"emails": [
		  {
		    "value": "SFM@example.com",
		    "type": "work",
		    "primary": true
		  }
		]
      }
    },
	
	{
      "method": "POST",
      "path": "/Users",
      "bulkId": "id_user31",
      "data": {
	    "schemas": [
	      "urn:ietf:params:scim:schemas:core:2.0:User"
	    ],
	    "name": {
	  	  "givenName": "SPAIN",
		  "familyName": "SPAIN"
	    },
		"userName": "SPAIN",
		"title": "Security Engineer",
		"emails": [
		  {
		    "value": "SPAIN@example.com",
		    "type": "work",
		    "primary": true
		  }
		]
      }
    },
		{
      "method": "POST",
      "path": "/Users",
      "bulkId": "id_user32",
      "data": {
	    "schemas": [
	      "urn:ietf:params:scim:schemas:core:2.0:User"
	    ],
	    "name": {
	  	  "givenName": "SVYADMIN",
		  "familyName": "SVYADMIN"
	    },
		"userName": "SVYADMIN",
		"title": "Security Engineer",
		"emails": [
		  {
		    "value": "SVYADMIN@example.com",
		    "type": "work",
		    "primary": true
		  }
		]
      }
    },
	
	{
      "method": "POST",
      "path": "/Users",
      "bulkId": "id_user33",
      "data": {
	    "schemas": [
	      "urn:ietf:params:scim:schemas:core:2.0:User"
	    ],
	    "name": {
	  	  "givenName": "TRADEMGR",
		  "familyName": "TRADEMGR"
	    },
		"userName": "TRADEMGR",
		"title": "Security Engineer",
		"emails": [
		  {
		    "value": "TRADEMGR@example.com",
		    "type": "work",
		    "primary": true
		  }
		]
      }
    },
    {
      "method": "POST",
      "path": "/Users",
      "bulkId": "id_user34",
      "data": {
	    "schemas": [
	      "urn:ietf:params:scim:schemas:core:2.0:User"
	    ],
	    "name": {
	  	  "givenName": "BPALMER",
		  "familyName": "BPALMER"
	    },
		"userName": "BPALMER",
		"title": "Security Engineer",
		"emails": [
		  {
		    "value": "BPALMER@example.com",
		    "type": "work",
		    "primary": true
		  }
		]
      }
    }
  ]
}